rank,task_name,sequence,AF2-IG-easy-success,AF2-IG-success,Protenix-success,Protenix-basic-success,af2_plddt,af2_ptm,af2_iptm,af2_pAE,af2_ipAE,af2_monomer_plddt,af2_monomer_ptm,af2_monomer_pAE,af2_bound_unbound_RMSD,af2_binder_pred_design_rmsd,af2_complex_pred_design_rmsd,ptx_plddt,ptx_ptm_binder,ptx_ptm_target,ptx_iptm,ptx_ptm,ptx_iptm_binder,ptx_pred_design_rmsd,alpha,beta,loop,Rg,chosen_struct_type,chosen_struct_path
1,kras_v2_s3,MLEELKKLAEEIAKKAKKPSIKQRAEAIKERAELAIASTDPVVQRNLLISIKVDAEILAEEEPELKEEYEELKKLAEEAL,False,False,False,True,0.86,0.45,0.15,0.5,24.53,0.926,0.785,0.097,0.22,0.64,14.31,88.7461,0.9154,0.5563,0.8293,0.8901,0.8001,1.28,0.862,0.0,0.138,11.54,ptx,passing-Protenix-basic/rank_1.cif
2,kras_v2_s3,EEESEELLKKLEEVAEETAEKLDALIKELKERGASREEAAAAADELFLEHAKKVSEILNDPSIYEFAKELVARTRAILAA,False,False,False,False,0.73,0.53,0.32,0.43,19.94,0.944,0.781,0.105,0.29,0.7,13.93,87.2831,0.8741,0.5527,0.8329,0.8861,0.7649,0.72,0.912,0.0,0.088,14.78,orig,orig_designed/rank_2.cif
3,kras_v2_s3,SEADAIEAETLKRLEELRKEALEKAKSEEQKTQINAAYQAAVDGLAEARATPGLTVEDLRRNAEAILEVYEKFVKEILES,False,False,False,False,0.87,0.56,0.52,0.39,18.67,0.966,0.825,0.075,0.16,0.57,14.85,83.522,0.9053,0.5538,0.6793,0.7229,0.3807,0.98,0.875,0.0,0.125,13.42,orig,orig_designed/rank_3.cif
4,kras_v2_s3,SRFEEVVRRGLEADEELLARTLALAAPVLSPEELARLRALAEEGRRLQREALARFLATATPEEKQRALEIMEEFLELVRK,False,False,False,False,0.72,0.48,0.33,0.44,21.1,0.909,0.682,0.117,0.37,0.78,14.6,80.9136,0.6879,0.5461,0.7192,0.7762,0.5322,0.96,0.875,0.0,0.125,14.89,orig,orig_designed/rank_4.cif
5,kras_v2_s3,AERERVLEELARLAEEVIERVQAKEEEILAARGIDPREITPEQAAAIGAEIAPFVTEQLNEIAPRVSEMQRIIEEIEAAE,False,False,False,False,0.75,0.49,0.24,0.45,21.33,0.948,0.753,0.111,0.41,1.15,17.81,83.8041,0.8047,0.551,0.7775,0.8351,0.6098,0.89,0.875,0.0,0.125,16.98,orig,orig_designed/rank_5.cif
6,kras_v2_s3,AAHDAAVARLAALLEEIRALELEIARTKYKASPETLAEMEAALNEYRAAQVEEAKGLSLAELQARVARLEAILAVLREIA,False,False,False,False,0.82,0.51,0.25,0.44,21.33,0.958,0.809,0.079,0.23,0.44,19.39,87.5133,0.9038,0.5543,0.7589,0.8335,0.6868,0.74,0.875,0.0,0.125,13.75,orig,orig_designed/rank_6.cif
7,kras_v2_s3,EKEEKLREIKRKIAEKAEKKGEEIIKETQAKLAEINAKLTDPEEREAAGAKIGEEAAEKFKEIIEEAKKELEEEEKRLKE,False,False,False,False,0.75,0.5,0.5,0.45,20.69,0.916,0.664,0.14,0.37,0.58,14.34,82.687,0.7745,0.5519,0.6946,0.7463,0.4172,1.33,0.938,0.0,0.062,18.13,orig,orig_designed/rank_7.cif
8,kras_v2_s3,SLRAEADALAADTRAAFDAALAAGDAEALDAVADATGTRFGALYQAALDAGDAAAVAYIEERIDEVIAYGARVWAELLAR,False,False,False,False,0.85,0.52,0.28,0.43,21.21,0.98,0.845,0.059,0.22,0.5,14.8,82.9313,0.855,0.5525,0.6513,0.7005,0.3016,1.21,0.925,0.0,0.075,13.45,orig,orig_designed/rank_8.cif
9,kras_v2_s3,SEVGEEIRKATERIARVVEEVLREAREAGLSREETARRVREAVRKEVDKLIKETKNPYVKKVLQQIRDDADEAVDELLRL,False,False,False,False,0.8,0.49,0.3,0.46,22.1,0.928,0.758,0.107,0.76,1.18,12.42,82.3099,0.8483,0.5506,0.704,0.7492,0.4462,1.65,0.9,0.0,0.1,13.52,orig,orig_designed/rank_9.cif
10,kras_v2_s3,SEVKKKLEELIEAEKKMIELYKKLADKGDAEAAEWAELAEKHLARLKELAERDVSEEELEEFLREEAEEWLALALRDLAA,False,False,False,False,0.78,0.5,0.23,0.45,21.33,0.945,0.791,0.097,0.37,0.82,12.91,81.2929,0.8634,0.5524,0.6473,0.6945,0.3134,2.83,0.912,0.0,0.088,13.61,orig,orig_designed/rank_10.cif
