rank,seed,backbone,min_dist_to_G12D_Asp_A,hotspot_interface_residues,binder_seq
1,2024,7,4.42,8,GLLGKALSQVVSRTQNVLGDKLLSDAFWQTVQELLAELGIPVRGAALRRALRAAGVGDISAYRITSATMTATSCTRKTIL
2,777,9,4.56,8,HMDTAWAGSGLALLVLQLTVPGRDAAGNMTAKATCYIRFTTDYEAVERGWVHPLGAVAPAPAGWAALAAARRRQLVAWER
3,31337,2,3.25,7,SAIRDDDLLLGRAQRAIVGLGLLSDARAAEVCERVGASKWGRGEKNDVEYLDDADTEVRAADGLSAAEAGAIRHALAVEM
4,123,1,3.58,7,VRYTGSMSIMEAWLDSALFTDQSTKAAQQMLDSATLTAEVTVAQENAHDFSDGVDTAGRVATEERRDIMAQITAAEAAFA
5,2024,1,1.8,6,TTKGLARSGRKANSTFGAQLGLHMTTEMVQLTVAMEDIILKANSSVSLQVHVCGEPTRHQLEMIGRIRQLVAQNNANLRT
6,42,4,2.04,6,SVTVESREGTDGGKEIIVTEVIPGKPEQVVKFGLDLQFIRGRNSLTDELLRSVCTEVMKNQFDPQTIQTVTACQAFLEHT
7,31337,1,2.54,6,QLPDVVVRRLSETRTAIFMGAPRADESAQIFGDETTTAVLYNEENEVITLANGQWLQNALSPELRKQLKSEIVREREQER
8,42,3,3.0,6,KEIPTDDLNGSLSDYARKLGMSQATDGLLPGVEGMLTDHVSGTFAKIQLNEVAISLMEKGYAKLCPEHASKLADHIRGFK
9,31337,7,3.28,6,LIRIDVQLQGSDTLNSGQRGIAQKEMEETLLRYVSTGRWVSVSVTQGDTVMATVVASAGTVGELTNTQTKHWQEILNQNV
10,2024,5,3.36,6,NSSAQADRAAAVEARIASFGSSLTREGLDRARAMLPPQATHLLNDWELLLRTSGSLSRERITALAAAARSQLRQFEHSAS
11,31337,9,3.41,6,VLTGVVELSRRMFGDEWAAELEARAKEMSAEELADVIAAGLDPESRALLADLWAMLDDSTRCDVQAMAQCIATVDAARLT
12,123,4,3.5,6,TMTLAEVQLATEAGGEETAVSELAHIAILRLLENFKATLKKYQANAGAFATLARKLLKHWRKIQPLSLVAVVLILTTFST
13,42,9,4.63,6,EVYVGTSYEQGLPTQFQRGFAGGKRAASLTVTDSDNGLVLQEVLDSGLLSLEDAEKLFARYRGSQVDKQALMGAVLALIN
14,777,6,4.68,6,CWTVIAEVRAAEDDADGPVYEVTLLIRDPGWAEVRTIASTIPQGDDPIIRAIVQQINITCLQLGVATAPAVGEGDIVVLP
15,777,5,4.88,6,GSVLQVTEQPNSFMSNERIINIETSSEAAFGAPVQRDAMKLLGKVVKWLWALPPDTTRFETDEGVIYGKLKDNTLVGEWK
16,2024,6,4.91,6,MRRKTLKVAIEFEDIDDLAKIKDIFLKSSKYADTLEIVVRADATDITIKFGSFDISVPSIDQDVLMRQASLRVALQCLLL
17,31337,8,2.03,5,SFTMRIQPAGKATKVFSHQRRALSDVELDNIMYDSLNVSRYSPGYSVVIDHDKQARTVLVSEAAPSRAEGVVVGTGLYEL
18,31337,5,2.71,5,MARLSATISLVDHLTTTNASFQRVTECPIEELRPFCIDLAQKKMRALPEPDVGRILKIEGVLEVDGIKTSICRVTELNGR
19,777,4,3.1,5,GMDLTKKTHNNLVIGIESNEGPWSLLDQLAHLAHLVAWNNPHLADSIEALLNGLMRLMWDLNYGDVYASLKLALVTFSDL
20,123,9,3.48,5,SSAEIIDLVCREMQAQKELDVYDVRKHLSRLTDLLAQNPELEPKYEWVWPGESWDSVIGKLDQNQSMVRAQSLDDAGIAP
21,777,2,3.79,5,DLVERLTMDVKRSTEMGQVSFADVINSLINGWVIKSHWEQQEALRWMRQIDENGEGYLNEKMVKKLAEEAMARLQEIQLA
22,2024,9,3.89,5,QHLNTDILSALNDTAKNWKAEHRQTIQGAVTRLEARQTIADKAVYDQFLKDAQARLSALGSETETLSLSDSLEDIRASCF
23,123,3,4.19,5,LSRTTAREFGWAYLQFLFKVKRHVISQEVLKLMPEEAQHNAWHAVADALQRLSELNPSCIEVPLSTNIAVVTASVLAESK
24,31337,3,2.49,4,AQPAHTARARYLTISVFLQNDKAFLEVSAGGNKSRHLLERTSTLDIGEELAPLLNPEELDWCLAAVAYAEERLCAERKAL
25,123,0,2.84,4,HALVQAAVQAMQDDVSRWVWAVEQWCDAAGTDATAPQKEAASKPGAVASFDWALTKTTLLFLRHPGDVEAIRRAFEGAWG
26,31337,6,3.26,4,PESVPLPTPQDSQAEALENHASEIARCRQKIDETDESSQALSLESDREAAEKLLARGASKEDIARGIQRLNNRLSNVTTS
27,2024,4,3.75,4,NINSELKEGWITMERALWLIELGEGYYMQRRFDLFMYARNKLLYLLDEVIKYGFHSVATLARNMKKTWMILGVGIRESEP
28,777,3,3.97,4,DVLSRLIDMRLELEQLAANAPDSAKAGISQASAHISDAVMHAYEGDEEETCVSKALDAYRYLTERNPRFGNQWKYMQEKL
29,777,1,4.02,4,PVLRMRVAREERSFVCELEHYNGMVLRIPIENALALCNAGREHGWPVQALFQDHSGNRSRKDWKAIHAAAIRERSTSLAS
30,123,5,4.17,4,QAAFELRRKIRNTSRNLQDIYYHGQMSWFPIMELVFALMTLLARNPRPTLHEIRFVDQLAGVQNAELTDIHAYNLYRYWG
31,2024,8,4.5,4,PDYWMARLLGEDRAHARTFVQATSGGVWRAVHEDTSEVRSLRAERSGWVIEAANEQKPFVIRATDALGNVFDLLLQAPTT
32,777,7,4.63,4,VEKEQQLLELRDALGFVNDCEDWVGCKAEVQALKAYDPERGQRVLSLLEKSIELHDEASMQITVQCAIDLIEEHHREVMH
33,2024,3,4.86,4,EIQMWVLLLYANGESVIRDITPDEGEILKNVAEGMEIEPQELGQPNLTLSMDSNIMAACLWPMTAANQASVDIASFARFS
34,42,2,5.27,4,EKIQLESTLSHELAARAAELFANWNPIMAQALAKIPTNTAVSPLGVIELLCADGLDTTEAQADGHVGLFAEATSLITAQM
35,42,7,3.34,3,MAYAFWTTSTLSQAASELTWTGPISLVIDMSGATDHFHLSPSQVSMLGTAVREAMNNCGVNTATLQALQAALQTQSFYLI
36,31337,4,3.79,3,TSIHTTISRPWINNGLTVTVRLIRDERTGEAVVQYHKEDGTQAFLRLAEVLADEILRPNAALPEILAAVRRHFGRLLNSE
37,777,8,3.92,3,NERLRGTEPGHSRDYDALINYCLLVHESAPPVFELSAQTREDSSQEQVPAADLPANQALATAARADADADPGSLQITQLM
38,123,6,3.96,3,ITFEEEDTDPELAAALADHYGLPEGTEVVLRVKQEGTTWIVTAETANASTALGKLSKGVESGGAPPTVSTYLPEKRKQFV
39,42,5,4.27,3,TSRFQYLNLVEADDIDMAIEACKFMQMNFDCELQVVNAKLNKDKVDRERCLDDIGATYNLRIAKLAVICKASLERRRENS
40,2024,2,4.54,3,DVLQQNNEADELPGIKKAAQSLEVLEKALKSGDPAVQNTALTFRAAADSGFMDVSHKQKDRLYRMVKQGNWASGSENFRR
41,2024,0,4.56,3,SEVTKWEITQGGKTWLVHVWGLADPQKAQQSYDLLEGQFRNSTRARQYTLTQDELSALASEYSQETSWLFGASLLIRVSV
42,777,0,5.17,3,NGQRDKNLQVIDQALRTRDASNGLWRCIAEELKAQVGWTPVTTELTETVCNELLENADGGDDAATFEAFVQTMLDRDLIV
43,42,0,5.2,3,AALETECKTVKAKMKGPVADVQEAAFHTKELFDASDARTTKALRSIAQDKKSADERLRELQQRLTWDYEERGLLLQSRST
44,42,8,5.77,3,VESFNHPDIRRNPDGSLEVDTKRSDGKQARLRVDPRRVEGEAGEYLIRVTDLKTGETLHEGSVSAEAARIQLESAMQKAE
45,31337,0,3.61,2,MAVLYMMHRAAQRDAVDATAADFDWVQIVEVEFSSNMKGYFAHLRWEVSSGMFESHYGLEPSSIEDFLAQRMHTIKREIY
46,123,2,3.8,2,STAFRLELEADRKRAQKLDSGDGRLALSDVLTHLSQDLYIRASQEEVWALVAEVDRGDNVLSEPELVAFLKRVLDKRRQE
47,42,1,4.65,2,STRVQELLAVLGAALAEYKTAQKPEELMNALYNRVVSPDIQADLAQIGEQTRGERKLEDVLASAMRALLRSMAQERLHDL
48,123,8,5.83,2,ATYEWLINGENHLYTGDDQTVQAMNIEIAQDQYLSRETRRTLTLYFNNILSQNPEQTFGDIAGRDTLEQFNRLADAIMRR
49,42,6,4.93,1,SPSLIELANKVDAAIHALKKNDKETSQQELNEIRTLLNEAGLGDEANEIIQSAKRAARQGKEDQCQLDLNKGLQCFTLHM
50,123,7,5.62,0,WSPEQLKLLGRKLLDRLRTCAKSDNVATITQIETIINELMPGAPATAQALTHAIMEAIGTGSVSIKEFAEVAEEYIRSSA
